{"stats":{"minecraft:dropped":{"minecraft:iron_ingot":2,"minecraft:wheat_seeds":5,"minecraft:dark_oak_sapling":7,"minecraft:prismarine_crystals":2,"minecraft:dark_oak_button":1,"minecraft:flint":6,"minecraft:light_weighted_pressure_plate":6,"minecraft:repeater":64,"minecraft:wooden_axe":2,"minecraft:fire_charge":3,"minecraft:golden_hoe":1,"minecraft:sand":22,"minecraft:iron_pickaxe":1,"minecraft:iron_shovel":2,"minecraft:dark_oak_planks":1,"minecraft:spruce_sapling":1,"minecraft:redstone":64,"minecraft:kelp":1,"minecraft:iron_nugget":17,"minecraft:birch_sapling":3,"minecraft:obsidian":2,"minecraft:flint_and_steel":1,"minecraft:acacia_button":64,"minecraft:leather_chestplate":2,"minecraft:stone":1,"minecraft:heavy_weighted_pressure_plate":3,"minecraft:chest":2,"minecraft:oak_sapling":20,"minecraft:netherrack":4,"minecraft:egg":22},"minecraft:picked_up":{"minecraft:crafting_table":47,"minecraft:golden_pickaxe":23,"minecraft:golden_shovel":6,"minecraft:gold_block":4,"minecraft:acacia_pressure_plate":5,"minecraft:birch_button":1,"minecraft:stone_brick_stairs":2,"minecraft:golden_sword":5,"minecraft:heavy_weighted_pressure_plate":11,"minecraft:dark_oak_pressure_plate":1,"minecraft:cooked_salmon":90,"minecraft:flint_and_steel":21,"minecraft:gold_nugget":142,"minecraft:light_weighted_pressure_plate":8,"minecraft:iron_nugget":160,"minecraft:enchanted_golden_apple":2,"minecraft:chest":8,"minecraft:birch_sapling":3,"minecraft:egg":2,"minecraft:dark_oak_door":1,"minecraft:golden_helmet":5,"minecraft:dark_oak_sapling":8,"minecraft:stick":32,"minecraft:acacia_log":10,"minecraft:fire_charge":28,"minecraft:golden_axe":20,"minecraft:redstone":23,"minecraft:prismarine_crystals":19,"minecraft:golden_chestplate":5,"minecraft:dark_oak_planks":378,"minecraft:tnt":41,"minecraft:cactus":1,"minecraft:cooked_cod":111,"minecraft:golden_hoe":9,"minecraft:glistering_melon_slice":21,"minecraft:gold_ingot":133,"minecraft:obsidian":23,"minecraft:cobblestone":24,"minecraft:birch_log":4,"minecraft:magma_block":1,"minecraft:leather_chestplate":19,"minecraft:clock":2,"minecraft:dark_oak_button":1,"minecraft:repeater":1,"minecraft:golden_carrot":15,"minecraft:dark_oak_boat":1,"minecraft:golden_leggings":4,"minecraft:flint":127,"minecraft:oak_log":190,"minecraft:golden_boots":5,"minecraft:dirt":2066,"minecraft:purple_carpet":11,"minecraft:acacia_planks":3,"minecraft:kelp":28,"minecraft:wheat_seeds":5,"minecraft:heart_of_the_sea":32,"minecraft:iron_ingot":312,"minecraft:iron_sword":7,"minecraft:oak_planks":80,"minecraft:dandelion":5,"minecraft:gravel":86,"minecraft:sand":71,"minecraft:spruce_sapling":1,"minecraft:spruce_log":6,"minecraft:dark_oak_log":319,"minecraft:diamond":59,"minecraft:white_concrete":32,"minecraft:golden_apple":12,"minecraft:golden_horse_armor":1,"minecraft:emerald":142,"minecraft:oak_sapling":27,"minecraft:netherrack":25},"minecraft:custom":{"minecraft:interact_with_crafting_table":82,"minecraft:leave_game":101,"minecraft:time_since_death":2434775,"minecraft:climb_one_cm":248,"minecraft:sprint_one_cm":770136,"minecraft:walk_one_cm":609962,"minecraft:drop":89,"minecraft:sneak_time":118651,"minecraft:walk_under_water_one_cm":478179,"minecraft:jump":5005,"minecraft:walk_on_water_one_cm":169633,"minecraft:play_one_minute":2434775,"minecraft:time_since_rest":2434775,"minecraft:damage_taken":2110,"minecraft:swim_one_cm":16566,"minecraft:fly_one_cm":21015885,"minecraft:open_chest":349,"minecraft:crouch_one_cm":148273,"minecraft:fall_one_cm":60500},"minecraft:crafted":{"minecraft:oak_door":3,"minecraft:oak_planks":720,"minecraft:stone_shovel":1,"minecraft:dark_oak_pressure_plate":1,"minecraft:dark_oak_boat":20,"minecraft:diamond_shovel":9,"minecraft:heavy_weighted_pressure_plate":12,"minecraft:iron_bars":32,"minecraft:flint_and_steel":16,"minecraft:dark_oak_door":9,"minecraft:iron_axe":29,"minecraft:iron_hoe":1,"minecraft:spruce_boat":1,"minecraft:dark_oak_planks":1276,"minecraft:golden_helmet":10,"minecraft:golden_boots":3,"minecraft:golden_axe":14,"minecraft:wooden_shovel":4,"minecraft:diamond_sword":10,"minecraft:crafting_table":52,"minecraft:spruce_planks":24,"minecraft:wooden_pickaxe":1,"minecraft:golden_pickaxe":1,"minecraft:golden_shovel":11,"minecraft:bucket":51,"minecraft:dark_oak_button":1,"minecraft:birch_planks":16,"minecraft:stone_axe":2,"minecraft:acacia_boat":1,"minecraft:oak_boat":15,"minecraft:diamond_pickaxe":4,"minecraft:light_weighted_pressure_plate":11,"minecraft:stick":396,"minecraft:iron_ingot":5,"minecraft:iron_pickaxe":46,"minecraft:wooden_axe":7,"minecraft:iron_shovel":22,"minecraft:acacia_planks":40},"minecraft:mined":{"minecraft:dark_oak_planks":2,"minecraft:dark_oak_log":103,"minecraft:acacia_log":10,"minecraft:spruce_leaves":2,"minecraft:magma_block":1,"minecraft:fire":2,"minecraft:gold_block":2,"minecraft:stone":17,"minecraft:kelp_plant":1,"minecraft:crafting_table":47,"minecraft:chest":7,"minecraft:tall_grass":3,"minecraft:cobblestone":1,"minecraft:tnt":1,"minecraft:stone_brick_stairs":2,"minecraft:grass":7,"minecraft:oak_log":69,"minecraft:gravel":107,"minecraft:sand":23,"minecraft:dirt":23,"minecraft:acacia_planks":2,"minecraft:netherrack":19,"minecraft:oak_leaves":1},"minecraft:used":{"minecraft:jungle_leaves":144,"minecraft:iron_shovel":91,"minecraft:acacia_log":1,"minecraft:flint_and_steel":40,"minecraft:armor_stand":48,"minecraft:red_concrete":140,"minecraft:redstone":427,"minecraft:poppy":1,"minecraft:chest":3,"minecraft:stone":432,"minecraft:brown_concrete":72,"minecraft:wooden_shovel":9,"minecraft:cooked_salmon":1,"minecraft:netherrack":108,"minecraft:dirt":459,"minecraft:cocoa_beans":5,"minecraft:white_carpet":1,"minecraft:acacia_sapling":3,"minecraft:golden_shovel":25,"minecraft:acacia_button":3,"minecraft:blue_concrete":27,"minecraft:granite":5,"minecraft:light_blue_stained_glass":50,"minecraft:obsidian":67,"minecraft:shroomlight":3,"minecraft:jungle_sapling":35,"minecraft:dark_oak_planks":31,"minecraft:stone_brick_slab":2,"minecraft:wooden_axe":1,"minecraft:sea_lantern":44,"minecraft:lava_bucket":300,"minecraft:coal_ore":1,"minecraft:yellow_stained_glass":97,"minecraft:light_weighted_pressure_plate":12,"minecraft:iron_axe":100,"minecraft:grass_block":637,"minecraft:birch_sapling":6,"minecraft:jungle_log":25,"minecraft:dark_oak_leaves":39,"minecraft:dark_oak_button":3,"minecraft:stone_bricks":13,"minecraft:repeater":29,"minecraft:magma_block":70,"minecraft:birch_button":18,"minecraft:purple_concrete":3893,"minecraft:brown_carpet":1,"minecraft:lime_concrete":1,"minecraft:black_stained_glass":12,"minecraft:dark_oak_boat":1,"minecraft:jungle_button":1,"minecraft:dark_oak_pressure_plate":2,"minecraft:oak_sapling":15,"minecraft:gold_block":6,"minecraft:egg":580,"minecraft:crimson_pressure_plate":1,"minecraft:acacia_planks":6,"minecraft:seagrass":48,"minecraft:golden_axe":97,"minecraft:dark_oak_sapling":1,"minecraft:water_bucket":157,"minecraft:oak_planks":22,"minecraft:sandstone":26,"minecraft:redstone_block":107,"minecraft:magenta_stained_glass":74,"minecraft:oak_leaves":162,"minecraft:pink_concrete":10,"minecraft:sand":958,"minecraft:vine":65,"minecraft:tnt":48,"minecraft:crafting_table":55,"minecraft:yellow_concrete":100,"minecraft:acacia_leaves":108,"minecraft:dark_oak_door":3,"minecraft:cyan_stained_glass":32,"minecraft:purple_stained_glass":21,"minecraft:lever":3,"minecraft:black_concrete":81,"minecraft:diamond_pickaxe":4,"minecraft:diamond_shovel":7,"minecraft:crying_obsidian":26,"minecraft:command_block":510,"minecraft:heavy_weighted_pressure_plate":16,"minecraft:iron_pickaxe":38,"minecraft:brown_stained_glass":25,"minecraft:barrier":424,"minecraft:oak_button":4,"minecraft:stone_button":11,"minecraft:magenta_concrete":42,"minecraft:cyan_concrete":111,"minecraft:gravel":823,"minecraft:spruce_sapling":2,"minecraft:stone_axe":2,"minecraft:crimson_sign":2,"minecraft:fire_charge":15,"minecraft:acacia_pressure_plate":13,"minecraft:andesite":124,"minecraft:white_stained_glass":154,"minecraft:repeating_command_block":12,"minecraft:bucket":393,"minecraft:pink_stained_glass":14,"minecraft:kelp":119,"minecraft:white_concrete":1658,"minecraft:purple_carpet":32,"minecraft:dandelion":12,"minecraft:bone_meal":229}},"DataVersion":2567}