{"stats":{"minecraft:mined":{"minecraft:sand":3},"minecraft:dropped":{"minecraft:command_block":1},"minecraft:picked_up":{"minecraft:birch_button":3,"minecraft:jungle_button":1,"minecraft:lantern":2,"minecraft:purple_carpet":1,"minecraft:light_blue_banner":1089,"minecraft:oak_sign":3,"minecraft:bell":1,"minecraft:light_weighted_pressure_plate":5,"minecraft:iron_ingot":1,"minecraft:poppy":2,"minecraft:oak_pressure_plate":2,"minecraft:torch":2,"minecraft:dandelion":2,"minecraft:sand":3,"minecraft:brown_carpet":21,"minecraft:diamond":1,"minecraft:gold_ingot":1},"minecraft:custom":{"minecraft:interact_with_furnace":4,"minecraft:play_one_minute":233246,"minecraft:leave_game":23,"minecraft:time_since_death":233246,"minecraft:climb_one_cm":140,"minecraft:time_since_rest":233246,"minecraft:sprint_one_cm":70161,"minecraft:damage_taken":60,"minecraft:walk_one_cm":291484,"minecraft:drop":1,"minecraft:swim_one_cm":414,"minecraft:fly_one_cm":1488768,"minecraft:open_chest":5,"minecraft:crouch_one_cm":22931,"minecraft:sneak_time":15166,"minecraft:walk_under_water_one_cm":7170,"minecraft:jump":552,"minecraft:walk_on_water_one_cm":4441,"minecraft:fall_one_cm":2425},"minecraft:used":{"minecraft:oak_fence":11,"minecraft:oak_trapdoor":22,"minecraft:emerald_ore":1,"minecraft:chiseled_polished_blackstone":1,"minecraft:petrified_oak_slab":1,"minecraft:water_bucket":1,"minecraft:jungle_leaves":7,"minecraft:polished_blackstone_brick_slab":1,"minecraft:iron_bars":31,"minecraft:iron_ore":2,"minecraft:cobblestone_stairs":2,"minecraft:armor_stand":2,"minecraft:birch_leaves":1,"minecraft:red_concrete":11,"minecraft:oak_planks":254,"minecraft:redstone":22,"minecraft:diamond_hoe":2,"minecraft:poppy":2,"minecraft:oak_sign":35,"minecraft:blackstone":4,"minecraft:spruce_planks":194,"minecraft:chest":3,"minecraft:stone":312,"minecraft:cauldron":1,"minecraft:grass":9,"minecraft:bell":5,"minecraft:cobblestone_slab":1,"minecraft:player_head":26,"minecraft:gold_ore":5,"minecraft:netherrack":859,"minecraft:polished_blackstone_bricks":14,"minecraft:oak_leaves":26,"minecraft:torch":7,"minecraft:dirt":2,"minecraft:sand":2,"minecraft:rail":3,"minecraft:light_blue_concrete":414,"minecraft:tnt":3,"minecraft:oak_slab":2,"minecraft:crafting_table":5,"minecraft:nether_quartz_ore":14,"minecraft:nether_bricks":37,"minecraft:spruce_stairs":30,"minecraft:carrot":24,"minecraft:stone_stairs":21,"minecraft:nether_brick_slab":17,"minecraft:acacia_button":1,"minecraft:spruce_fence":18,"minecraft:blue_concrete":474,"minecraft:obsidian":1,"minecraft:nether_gold_ore":16,"minecraft:oak_log":30,"minecraft:green_concrete":11,"minecraft:crying_obsidian":10,"minecraft:sea_lantern":3,"minecraft:black_concrete":77,"minecraft:lava_bucket":48,"minecraft:birch_slab":2,"minecraft:command_block":42,"minecraft:coal_ore":8,"minecraft:diamond_shovel":41,"minecraft:light_weighted_pressure_plate":6,"minecraft:lantern":7,"minecraft:red_wool":2,"minecraft:cracked_polished_blackstone_bricks":6,"minecraft:iron_block":6,"minecraft:grass_block":124,"minecraft:oak_stairs":8,"minecraft:barrier":68,"minecraft:spruce_button":1,"minecraft:stone_button":10,"minecraft:cyan_concrete":4,"minecraft:stone_slab":37,"minecraft:dark_oak_leaves":1,"minecraft:polished_blackstone_brick_stairs":4,"minecraft:oak_pressure_plate":4,"minecraft:diamond_ore":3,"minecraft:gravel":9,"minecraft:barrel":14,"minecraft:crimson_sign":66,"minecraft:birch_button":3,"minecraft:magma_block":11,"minecraft:purple_concrete":551,"minecraft:glowstone":49,"minecraft:cobblestone":69,"minecraft:lime_concrete":3,"minecraft:brown_carpet":25,"minecraft:hay_block":15,"minecraft:jungle_button":2,"minecraft:grindstone":1,"minecraft:glass_pane":1,"minecraft:gold_block":10,"minecraft:birch_log":1,"minecraft:chain":3,"minecraft:grass_path":3,"minecraft:repeating_command_block":3,"minecraft:smooth_stone_slab":5,"minecraft:egg":27,"minecraft:stripped_oak_log":8,"minecraft:white_concrete":1196,"minecraft:dandelion":2,"minecraft:cobweb":14,"minecraft:birch_stairs":5}},"DataVersion":2567}