{"stats":{"minecraft:crafted":{"minecraft:oak_planks":20,"minecraft:warped_planks":16,"minecraft:ender_eye":21,"minecraft:respawn_anchor":4,"minecraft:glowstone":21,"minecraft:white_wool":95,"minecraft:white_bed":17,"minecraft:acacia_planks":60},"minecraft:picked_up":{"minecraft:crafting_table":84,"minecraft:splash_potion":98,"minecraft:enchanted_book":41,"minecraft:potion":104,"minecraft:birch_button":3,"minecraft:nether_brick":4167,"minecraft:crimson_planks":10,"minecraft:string":4825,"minecraft:iron_axe":84,"minecraft:flint_and_steel":84,"minecraft:iron_shovel":84,"minecraft:oak_sign":6,"minecraft:light_weighted_pressure_plate":5,"minecraft:ender_eye":510,"minecraft:iron_pickaxe":84,"minecraft:iron_nugget":2981,"minecraft:poppy":2,"minecraft:chest":96,"minecraft:iron_boots":3,"minecraft:torch":8,"minecraft:acacia_log":26,"minecraft:fire_charge":1425,"minecraft:stone_button":5,"minecraft:diorite":45,"minecraft:warped_planks":382,"minecraft:light_gray_stained_glass_pane":103680,"minecraft:brown_carpet":21,"minecraft:dark_oak_planks":26,"minecraft:gold_ingot":81,"minecraft:obsidian":469,"minecraft:white_wool":22,"minecraft:blaze_powder":350,"minecraft:cobblestone":151,"minecraft:magma_cream":855,"minecraft:water_bucket":84,"minecraft:leather":3132,"minecraft:birch_planks":10,"minecraft:oak_log":26,"minecraft:jungle_button":1,"minecraft:dirt":25,"minecraft:lantern":5,"minecraft:purple_carpet":1,"minecraft:light_blue_banner":1089,"minecraft:acacia_planks":54,"minecraft:stone_bricks":6,"minecraft:warped_stem":33,"minecraft:bell":2,"minecraft:iron_ingot":37,"minecraft:glowstone_dust":2032,"minecraft:oak_planks":399,"minecraft:soul_sand":4855,"minecraft:quartz":2531,"minecraft:dandelion":3,"minecraft:oak_pressure_plate":2,"minecraft:gravel":4492,"minecraft:sand":3,"minecraft:white_bed":8,"minecraft:crying_obsidian":1089,"minecraft:diamond":1,"minecraft:granite":56,"minecraft:oak_button":1,"minecraft:ender_pearl":1068},"minecraft:mined":{"minecraft:white_bed":5,"minecraft:acacia_log":1,"minecraft:infested_stone_bricks":2,"minecraft:crafting_table":2,"minecraft:gravel":1,"minecraft:sand":3,"minecraft:stone_bricks":4},"minecraft:killed":{"minecraft:silverfish":1},"minecraft:custom":{"minecraft:mob_kills":1,"minecraft:interact_with_crafting_table":19,"minecraft:leave_game":46,"minecraft:time_since_death":88110,"minecraft:climb_one_cm":140,"minecraft:sprint_one_cm":157266,"minecraft:walk_one_cm":664997,"minecraft:drop":17,"minecraft:deaths":24,"minecraft:sneak_time":29604,"minecraft:walk_under_water_one_cm":7797,"minecraft:jump":1140,"minecraft:walk_on_water_one_cm":7095,"minecraft:interact_with_furnace":5,"minecraft:play_one_minute":512995,"minecraft:time_since_rest":88136,"minecraft:damage_taken":3880,"minecraft:damage_dealt":10,"minecraft:swim_one_cm":414,"minecraft:fly_one_cm":3080821,"minecraft:open_chest":21,"minecraft:crouch_one_cm":51645,"minecraft:fall_one_cm":6094},"minecraft:used":{"minecraft:oak_fence":18,"minecraft:oak_trapdoor":22,"minecraft:purpur_block":4,"minecraft:petrified_oak_slab":1,"minecraft:jungle_leaves":41,"minecraft:polished_blackstone_brick_slab":11,"minecraft:iron_bars":35,"minecraft:acacia_log":1,"minecraft:iron_shovel":1,"minecraft:flint_and_steel":3,"minecraft:light_gray_stained_glass_pane":1,"minecraft:armor_stand":13,"minecraft:polished_blackstone":3,"minecraft:redstone_ore":3,"minecraft:red_concrete":11,"minecraft:diamond_hoe":2,"minecraft:redstone":22,"minecraft:poppy":4,"minecraft:oak_sign":77,"minecraft:spruce_planks":206,"minecraft:chest":24,"minecraft:stone":492,"minecraft:grass":16,"minecraft:bell":8,"minecraft:player_head":26,"minecraft:netherrack":1019,"minecraft:spruce_leaves":93,"minecraft:torch":12,"minecraft:dirt":8,"minecraft:soul_sand":5,"minecraft:anvil":2,"minecraft:cocoa_beans":2,"minecraft:white_carpet":2,"minecraft:nether_quartz_ore":24,"minecraft:nether_bricks":46,"minecraft:jungle_planks":3,"minecraft:spruce_stairs":30,"minecraft:cobblestone_wall":2,"minecraft:carrot":24,"minecraft:stone_stairs":21,"minecraft:nether_brick_slab":24,"minecraft:oak_wood":1,"minecraft:acacia_button":1,"minecraft:spruce_fence":18,"minecraft:granite":11,"minecraft:blue_concrete":478,"minecraft:nether_brick_stairs":25,"minecraft:obsidian":32,"minecraft:fern":16,"minecraft:shroomlight":3,"minecraft:sea_lantern":32,"minecraft:lava_bucket":53,"minecraft:coal_ore":8,"minecraft:light_weighted_pressure_plate":8,"minecraft:iron_axe":5,"minecraft:red_wool":2,"minecraft:lantern":10,"minecraft:iron_block":6,"minecraft:grass_block":262,"minecraft:oak_stairs":10,"minecraft:spruce_button":1,"minecraft:jungle_log":21,"minecraft:dark_oak_leaves":1,"minecraft:polished_blackstone_brick_stairs":15,"minecraft:barrel":16,"minecraft:stone_bricks":11,"minecraft:bedrock":12,"minecraft:basalt":8,"minecraft:birch_button":3,"minecraft:birch_trapdoor":2,"minecraft:purple_concrete":1030,"minecraft:glowstone":62,"minecraft:magma_block":14,"minecraft:lime_concrete":6,"minecraft:brown_carpet":25,"minecraft:tall_grass":2,"minecraft:hay_block":24,"minecraft:scaffolding":2,"minecraft:jungle_button":2,"minecraft:furnace":3,"minecraft:podzol":8,"minecraft:gold_block":20,"minecraft:egg":27,"minecraft:end_stone_brick_stairs":1,"minecraft:dragon_head":4,"minecraft:acacia_planks":3,"minecraft:polished_blackstone_stairs":21,"minecraft:seagrass":1,"minecraft:large_fern":5,"minecraft:chiseled_polished_blackstone":12,"minecraft:emerald_ore":1,"minecraft:water_bucket":37,"minecraft:mossy_stone_bricks":19,"minecraft:diorite":7,"minecraft:iron_ore":4,"minecraft:end_stone_bricks":12,"minecraft:cobblestone_stairs":4,"minecraft:spruce_door":3,"minecraft:wither_skeleton_skull":1,"minecraft:birch_leaves":1,"minecraft:blackstone_stairs":9,"minecraft:oak_planks":264,"minecraft:blackstone":29,"minecraft:ender_pearl":10,"minecraft:sandstone":219,"minecraft:redstone_block":6,"minecraft:cauldron":1,"minecraft:cobblestone_slab":1,"minecraft:chiseled_nether_bricks":10,"minecraft:gold_ore":12,"minecraft:smooth_quartz_stairs":3,"minecraft:cracked_stone_bricks":2,"minecraft:polished_blackstone_bricks":331,"minecraft:oak_leaves":45,"minecraft:respawn_anchor":2,"minecraft:mossy_cobblestone":5,"minecraft:sand":114,"minecraft:rail":4,"minecraft:tnt":3,"minecraft:light_blue_concrete":747,"minecraft:oak_slab":6,"minecraft:crafting_table":31,"minecraft:yellow_concrete":2,"minecraft:white_bed":6,"minecraft:end_stone":32,"minecraft:spruce_log":30,"minecraft:nether_gold_ore":22,"minecraft:oak_log":43,"minecraft:piston":4,"minecraft:netherite_block":1,"minecraft:green_concrete":11,"minecraft:ender_eye":39,"minecraft:cornflower":2,"minecraft:black_concrete":288,"minecraft:warped_trapdoor":3,"minecraft:diamond_shovel":41,"minecraft:crying_obsidian":12,"minecraft:birch_slab":2,"minecraft:command_block":67,"minecraft:cracked_polished_blackstone_bricks":39,"minecraft:iron_pickaxe":6,"minecraft:oak_button":7,"minecraft:barrier":222,"minecraft:stone_button":18,"minecraft:lapis_ore":2,"minecraft:jungle_stairs":2,"minecraft:cyan_concrete":4,"minecraft:stone_slab":49,"minecraft:purpur_slab":2,"minecraft:spruce_trapdoor":15,"minecraft:oak_pressure_plate":6,"minecraft:diamond_ore":4,"minecraft:gravel":19,"minecraft:crimson_sign":84,"minecraft:blackstone_slab":5,"minecraft:green_carpet":1,"minecraft:cobblestone":132,"minecraft:andesite":13,"minecraft:grindstone":3,"minecraft:repeating_command_block":5,"minecraft:bucket":11,"minecraft:birch_log":1,"minecraft:chain_command_block":53,"minecraft:chain":10,"minecraft:glass_pane":6,"minecraft:grass_path":18,"minecraft:smooth_stone_slab":11,"minecraft:end_portal_frame":1,"minecraft:stripped_oak_log":8,"minecraft:white_concrete":1759,"minecraft:coarse_dirt":21,"minecraft:dandelion":2,"minecraft:bone_meal":4,"minecraft:splash_potion":1,"minecraft:cobweb":15,"minecraft:birch_stairs":5},"minecraft:killed_by":{"minecraft:silverfish":3},"minecraft:dropped":{"minecraft:ender_pearl":10,"minecraft:leather":29,"minecraft:command_block":1,"minecraft:string":2,"minecraft:ender_eye":1,"minecraft:magma_cream":15,"minecraft:quartz":57}},"DataVersion":2567}