{"stats":{"minecraft:broken":{"minecraft:golden_shovel":1},"minecraft:used":{"minecraft:chest":8,"minecraft:armor_stand":1,"minecraft:iron_shovel":146,"minecraft:flint_and_steel":61,"minecraft:spruce_planks":54,"minecraft:oak_sign":14,"minecraft:white_concrete_powder":2,"minecraft:wooden_shovel":3,"minecraft:player_head":4,"minecraft:spruce_leaves":7,"minecraft:soul_sand":1,"minecraft:birch_pressure_plate":1,"minecraft:dirt":222,"minecraft:nether_bricks":1,"minecraft:jungle_planks":9,"minecraft:golden_shovel":435,"minecraft:acacia_button":2,"minecraft:dark_oak_planks":53,"minecraft:sea_lantern":9,"minecraft:lava_bucket":461,"minecraft:light_weighted_pressure_plate":26,"minecraft:iron_axe":97,"minecraft:spruce_button":1,"minecraft:dark_oak_button":5,"minecraft:purple_concrete":239,"minecraft:jungle_button":1,"minecraft:dark_oak_pressure_plate":7,"minecraft:egg":54,"minecraft:crimson_pressure_plate":1,"minecraft:stone_pressure_plate":2,"minecraft:acacia_planks":17,"minecraft:golden_axe":201,"minecraft:acacia_boat":1,"minecraft:water_bucket":190,"minecraft:spruce_door":1,"minecraft:birch_planks":10,"minecraft:oak_planks":143,"minecraft:ender_pearl":1,"minecraft:redstone_block":36,"minecraft:jungle_pressure_plate":4,"minecraft:oak_leaves":29,"minecraft:polished_blackstone_pressure_plate":1,"minecraft:sand":4,"minecraft:comparator":21,"minecraft:tnt":53,"minecraft:crafting_table":350,"minecraft:shears":202,"minecraft:redstone_torch":1,"minecraft:oak_log":3,"minecraft:sticky_piston":4,"minecraft:ender_eye":64,"minecraft:diamond_pickaxe":5,"minecraft:diamond_shovel":61,"minecraft:command_block":33,"minecraft:iron_pickaxe":117,"minecraft:heavy_weighted_pressure_plate":24,"minecraft:stone_button":1,"minecraft:barrier":5,"minecraft:oak_button":12,"minecraft:spruce_pressure_plate":1,"minecraft:oak_pressure_plate":3,"minecraft:gravel":212,"minecraft:diamond_sword":1,"minecraft:cobblestone":7,"minecraft:stripped_oak_log":1,"minecraft:chain_command_block":107,"minecraft:bucket":697,"minecraft:repeating_command_block":44,"minecraft:polished_blackstone_button":1,"minecraft:white_concrete":788,"minecraft:tropical_fish_bucket":4,"minecraft:golden_pickaxe":14},"minecraft:custom":{"minecraft:interact_with_crafting_table":822,"minecraft:leave_game":26,"minecraft:time_since_death":45,"minecraft:climb_one_cm":1666,"minecraft:sprint_one_cm":382167,"minecraft:walk_one_cm":400549,"minecraft:drop":124,"minecraft:sneak_time":23989,"minecraft:deaths":3,"minecraft:walk_under_water_one_cm":14641,"minecraft:jump":2169,"minecraft:walk_on_water_one_cm":30750,"minecraft:play_one_minute":462614,"minecraft:time_since_rest":70,"minecraft:damage_taken":2022,"minecraft:swim_one_cm":89853,"minecraft:fly_one_cm":877487,"minecraft:open_chest":399,"minecraft:crouch_one_cm":26317,"minecraft:fall_one_cm":36141},"minecraft:picked_up":{"minecraft:spruce_leaves":33,"minecraft:crafting_table":82,"minecraft:splash_potion":12,"minecraft:potion":20,"minecraft:acacia_pressure_plate":1,"minecraft:gold_block":1,"minecraft:enchanted_book":8,"minecraft:nether_brick":673,"minecraft:acacia_button":2,"minecraft:heavy_weighted_pressure_plate":11,"minecraft:dark_oak_pressure_plate":1,"minecraft:string":652,"minecraft:iron_axe":10,"minecraft:flint_and_steel":10,"minecraft:iron_shovel":10,"minecraft:comparator":3,"minecraft:spruce_planks":5,"minecraft:light_weighted_pressure_plate":15,"minecraft:ender_eye":60,"minecraft:jungle_sapling":1,"minecraft:iron_nugget":436,"minecraft:iron_pickaxe":10,"minecraft:chest":20,"minecraft:birch_sapling":10,"minecraft:dark_oak_sapling":4,"minecraft:stick":28,"minecraft:acacia_log":112,"minecraft:fire_charge":217,"minecraft:diorite":9,"minecraft:warped_planks":24,"minecraft:light_gray_stained_glass_pane":12801,"minecraft:dark_oak_planks":269,"minecraft:tnt":5,"minecraft:repeating_command_block":5,"minecraft:command_block":7,"minecraft:nether_bricks":1,"minecraft:gold_ingot":48,"minecraft:obsidian":58,"minecraft:blaze_powder":64,"minecraft:cobblestone":128,"minecraft:birch_log":46,"minecraft:birch_leaves":1,"minecraft:magma_block":1,"minecraft:dark_oak_button":3,"minecraft:magma_cream":109,"minecraft:repeater":4,"minecraft:water_bucket":10,"minecraft:andesite":9,"minecraft:jungle_log":140,"minecraft:leather":423,"minecraft:dark_oak_boat":1,"minecraft:birch_planks":10,"minecraft:flint":60,"minecraft:oak_log":80,"minecraft:acacia_boat":1,"minecraft:dirt":2227,"minecraft:acacia_planks":71,"minecraft:apple":3,"minecraft:kelp":4,"minecraft:wheat_seeds":15,"minecraft:warped_stem":8,"minecraft:iron_ingot":49,"minecraft:glowstone_dust":307,"minecraft:oak_planks":102,"minecraft:acacia_sapling":5,"minecraft:soul_sand":559,"minecraft:chain_command_block":17,"minecraft:quartz":250,"minecraft:dandelion":5,"minecraft:gravel":1020,"minecraft:sand":282,"minecraft:jungle_planks":54,"minecraft:spruce_sapling":7,"minecraft:spruce_log":99,"minecraft:crying_obsidian":135,"minecraft:dark_oak_log":275,"minecraft:jungle_leaves":3,"minecraft:diamond":1,"minecraft:polished_blackstone_button":1,"minecraft:granite":21,"minecraft:grass":5,"minecraft:spruce_button":1,"minecraft:oak_button":1,"minecraft:oak_sapling":5,"minecraft:netherrack":2,"minecraft:coal":28,"minecraft:oak_leaves":138,"minecraft:ender_pearl":164,"minecraft:wooden_axe":1},"minecraft:mined":{"minecraft:dark_oak_planks":4,"minecraft:spruce_planks":1,"minecraft:jungle_leaves":9,"minecraft:dark_oak_log":83,"minecraft:nether_bricks":1,"minecraft:granite":20,"minecraft:acacia_log":40,"minecraft:grass_block":1,"minecraft:jungle_planks":4,"minecraft:jungle_log":57,"minecraft:spruce_leaves":62,"minecraft:magma_block":1,"minecraft:fire":3,"minecraft:andesite":10,"minecraft:gold_block":2,"minecraft:vine":11,"minecraft:stone":90,"minecraft:soul_sand":1,"minecraft:kelp_plant":2,"minecraft:crafting_table":71,"minecraft:tall_grass":24,"minecraft:cobblestone":3,"minecraft:oak_planks":3,"minecraft:seagrass":23,"minecraft:birch_planks":2,"minecraft:birch_log":18,"minecraft:spruce_log":43,"minecraft:birch_leaves":12,"minecraft:tnt":5,"minecraft:grass":31,"minecraft:oak_log":35,"minecraft:gravel":493,"minecraft:sand":38,"minecraft:dirt":89,"minecraft:acacia_planks":4,"minecraft:oak_button":1,"minecraft:netherrack":4,"minecraft:oak_leaves":172},"minecraft:crafted":{"minecraft:golden_carrot":85,"minecraft:jungle_button":1,"minecraft:oak_door":366,"minecraft:oak_planks":6848,"minecraft:stone_shovel":18,"minecraft:dark_oak_pressure_plate":7,"minecraft:fishing_rod":4,"minecraft:tripwire_hook":12,"minecraft:dark_oak_boat":19,"minecraft:iron_nugget":144,"minecraft:spruce_button":27,"minecraft:birch_boat":6,"minecraft:diamond_shovel":20,"minecraft:heavy_weighted_pressure_plate":20,"minecraft:spruce_pressure_plate":1,"minecraft:flint_and_steel":54,"minecraft:bow":6,"minecraft:iron_axe":102,"minecraft:iron_hoe":1,"minecraft:stone_pickaxe":1,"minecraft:oak_button":58,"minecraft:iron_door":9,"minecraft:spruce_boat":9,"minecraft:dark_oak_planks":1096,"minecraft:ender_eye":33,"minecraft:golden_helmet":8,"minecraft:golden_boots":2,"minecraft:respawn_anchor":21,"minecraft:golden_axe":80,"minecraft:crossbow":6,"minecraft:wooden_shovel":6,"minecraft:diamond_sword":26,"minecraft:crafting_table":349,"minecraft:spruce_planks":388,"minecraft:jungle_boat":13,"minecraft:wooden_pickaxe":9,"minecraft:iron_helmet":1,"minecraft:jungle_pressure_plate":4,"minecraft:spruce_door":3,"minecraft:bowl":40,"minecraft:birch_pressure_plate":1,"minecraft:nether_bricks":176,"minecraft:golden_pickaxe":11,"minecraft:golden_shovel":98,"minecraft:bucket":219,"minecraft:dark_oak_button":4,"minecraft:acacia_button":2,"minecraft:birch_planks":184,"minecraft:stone_axe":17,"minecraft:glowstone":257,"minecraft:bread":44,"minecraft:acacia_boat":12,"minecraft:jungle_planks":560,"minecraft:oak_boat":130,"minecraft:white_wool":521,"minecraft:diamond_pickaxe":9,"minecraft:gold_nugget":891,"minecraft:shield":3,"minecraft:light_weighted_pressure_plate":22,"minecraft:stick":2720,"minecraft:iron_ingot":284,"minecraft:iron_pickaxe":159,"minecraft:wooden_axe":153,"minecraft:iron_shovel":45,"minecraft:acacia_door":3,"minecraft:gold_ingot":211,"minecraft:white_bed":72,"minecraft:acacia_planks":412,"minecraft:shears":13},"minecraft:dropped":{"minecraft:iron_ingot":23,"minecraft:warped_stem":4,"minecraft:repeating_command_block":5,"minecraft:wheat_seeds":13,"minecraft:birch_leaves":1,"minecraft:diamond_axe":1,"minecraft:golden_helmet":1,"minecraft:oak_log":3,"minecraft:diamond":3,"minecraft:dark_oak_sapling":4,"minecraft:light_gray_stained_glass_pane":1,"minecraft:cobblestone":18,"minecraft:apple":2,"minecraft:dark_oak_button":2,"minecraft:granite":1,"minecraft:coal":28,"minecraft:stick":14,"minecraft:flint":1,"minecraft:dirt":4,"minecraft:grass":1,"minecraft:wooden_axe":2,"minecraft:white_concrete":1,"minecraft:jungle_sapling":1,"minecraft:sand":48,"minecraft:spruce_sapling":7,"minecraft:dandelion":3,"minecraft:gold_ingot":14,"minecraft:armor_stand":1,"minecraft:nether_brick":3,"minecraft:birch_sapling":10,"minecraft:comparator":1,"minecraft:ender_eye":1,"minecraft:acacia_button":1,"minecraft:oak_sapling":4,"minecraft:acacia_sapling":4,"minecraft:chest":2,"minecraft:chain_command_block":11,"minecraft:quartz":48,"minecraft:acacia_pressure_plate":1}},"DataVersion":2567}